image,gsd,model,inference_ms,precision,recall,f1,mean_iou,area_rmse
0.03m_01_20.png,0.03,YOLOv8,259.9813938140869,0.4545454132231443,0.99999980000004,0.6249994921877876,0.8841806350200978,2.016350206189391
0.03m_01_20.png,0.03,YOLOv11,218.186616897583,0.8333331944444675,0.99999980000004,0.9090902479341832,0.9112902812143501,1.905768435566083
0.03m_01_20.png,0.03,YOLOv11_Ablation,240.16213417053223,0.57142848979593,0.799999840000032,0.6666660694448128,0.856179159892702,3.185871257992075
0.03m_01_20.png,0.03,Hybrid_v8+SAM,731.6339015960693,0.3636363305785154,0.799999840000032,0.49999950781285957,0.7778619781206231,6.465899674639255
0.03m_01_20.png,0.03,Hybrid_v11+SAM,202.3305892944336,0.6666665555555741,0.799999840000032,0.7272720991739144,0.7717786673902726,4.875045108252846
0.03m_01_20.png,0.03,Mask_RCNN,114.49432373046875,0.6666665555555741,0.799999840000032,0.7272720991739144,0.8807514237527276,0.8820005739794041
0.03m_01_20.png,0.03,Watershed,77.19278335571289,0.0,0.0,0.0,0.0,0.0
0.03m_01_27.png,0.03,YOLOv8,38.1929874420166,0.7142856122449125,0.99999980000004,0.8333327083336354,0.8928804455582793,1.825947805387655
0.03m_01_27.png,0.03,YOLOv11,43.88928413391113,0.8333331944444675,0.99999980000004,0.9090902479341832,0.9212915914654559,2.643396709160392
0.03m_01_27.png,0.03,YOLOv11_Ablation,46.417951583862305,0.7142856122449125,0.99999980000004,0.8333327083336354,0.8995178487545988,2.338099224156237
0.03m_01_27.png,0.03,Hybrid_v8+SAM,192.87824630737305,0.7142856122449125,0.99999980000004,0.8333327083336354,0.823361542095055,6.165385148553172
0.03m_01_27.png,0.03,Hybrid_v11+SAM,195.80602645874023,0.8333331944444675,0.99999980000004,0.9090902479341832,0.8445955508727833,6.777925956662554
0.03m_01_27.png,0.03,Mask_RCNN,44.65985298156738,0.99999980000004,0.99999980000004,0.99999930000029,0.8946955248025864,2.6689259558856233
0.03m_01_27.png,0.03,Watershed,47.7447509765625,0.0,0.0,0.0,0.0,0.0
0.03m_sample_01.png,0.03,YOLOv8,37.88924217224121,0.6666665555555741,0.9999997500000625,0.7999993600003121,0.7641962715877596,4.093237005109771
0.03m_sample_01.png,0.03,YOLOv11,43.95651817321777,0.33333322222225925,0.24999993750001562,0.28571371428657144,0.9014870680280053,1.5714000000000041
0.03m_sample_01.png,0.03,YOLOv11_Ablation,42.859554290771484,0.49999987500003124,0.49999987500003124,0.4999993750005312,0.7205818604898158,10.528914501742333
0.03m_sample_01.png,0.03,Hybrid_v8+SAM,190.9477710723877,0.6666665555555741,0.9999997500000625,0.7999993600003121,0.5769229684003512,15.373148715129899
0.03m_sample_01.png,0.03,Hybrid_v11+SAM,200.02150535583496,0.33333322222225925,0.24999993750001562,0.28571371428657144,0.6062674249892658,13.940099999999997
0.03m_sample_01.png,0.03,Mask_RCNN,40.11869430541992,0.99999950000025,0.49999987500003124,0.6666660000003334,0.818649089099184,2.02285186061659
0.03m_sample_01.png,0.03,Watershed,45.89486122131348,0.0,0.0,0.0,0.0,0.0
0.03m_sample_07.png,0.03,YOLOv8,37.76979446411133,0.8749998906250137,0.9999998571428775,0.9333327111113927,0.8571696844824858,2.399601746421387
0.03m_sample_07.png,0.03,YOLOv11,44.584035873413086,0.9999998571428775,0.9999998571428775,0.9999993571431276,0.8808055816402349,2.2221017184509924
0.03m_sample_07.png,0.03,YOLOv11_Ablation,45.72105407714844,0.9999998571428775,0.9999998571428775,0.9999993571431276,0.8773368483584062,2.8081415280267787
0.03m_sample_07.png,0.03,Hybrid_v8+SAM,195.94049453735352,0.8749998906250137,0.9999998571428775,0.9333327111113927,0.7818291853634113,7.354831812391868
0.03m_sample_07.png,0.03,Hybrid_v11+SAM,198.32563400268555,0.9999998571428775,0.9999998571428775,0.9999993571431276,0.7917261430242243,7.02107110784591
0.03m_sample_07.png,0.03,Mask_RCNN,40.66824913024902,0.9999998571428775,0.9999998571428775,0.9999993571431276,0.8371164925837196,3.4682638097880782
0.03m_sample_07.png,0.03,Watershed,42.35696792602539,0.0,0.0,0.0,0.0,0.0
0.04m_01_20.png,0.04,YOLOv8,40.64226150512695,0.8461537810650938,0.9999999090909174,0.9166660937502749,0.8967161021000861,1.6438488937413158
0.04m_01_20.png,0.04,YOLOv11,48.583984375,0.7999999200000081,0.7272726611570308,0.7619041904765239,0.9021086571992867,1.6225159721864069
0.04m_01_20.png,0.04,YOLOv11_Ablation,47.655582427978516,0.8999999100000091,0.8181817438016598,0.857142276644289,0.8809041517528683,2.604548827638973
0.04m_01_20.png,0.04,Hybrid_v8+SAM,197.8466510772705,0.8461537810650938,0.9999999090909174,0.9166660937502749,0.8278743148263299,5.545156967038076
0.04m_01_20.png,0.04,Hybrid_v11+SAM,202.16965675354004,0.7999999200000081,0.7272726611570308,0.7619041904765239,0.8493344615893446,4.5186207099069495
0.04m_01_20.png,0.04,Mask_RCNN,52.95205116271973,0.7499999375000053,0.8181817438016598,0.7826081285447475,0.8951795736427341,2.5629786005089206
0.04m_01_20.png,0.04,Watershed,56.18906021118164,0.0,0.0,0.0,0.0,0.0
0.04m_01_27.png,0.04,YOLOv8,39.33429718017578,0.5384614970414233,0.9999998571428775,0.6999994750002938,0.8951671276603561,2.450092327123322
0.04m_01_27.png,0.04,YOLOv11,45.18580436706543,0.6666665925926009,0.857142734693895,0.7499994140628329,0.9007895629364379,2.023280715405883
0.04m_01_27.png,0.04,YOLOv11_Ablation,46.114444732666016,0.636363578512402,0.9999998571428775,0.7777772160496772,0.8822006062936902,3.375498134667365
0.04m_01_27.png,0.04,Hybrid_v8+SAM,194.21982765197754,0.5384614970414233,0.9999998571428775,0.6999994750002938,0.7941557418215713,5.656111180964229
0.04m_01_27.png,0.04,Hybrid_v11+SAM,202.09932327270508,0.6666665925926009,0.857142734693895,0.7499994140628329,0.8037352035210414,5.589857939757204
0.04m_01_27.png,0.04,Mask_RCNN,40.87018966674805,0.9999998333333611,0.857142734693895,0.9230762840239572,0.8859051333594353,4.2876188885363105
0.04m_01_27.png,0.04,Watershed,50.14848709106445,0.0,0.0,0.0,0.0,0.0
0.04m_sample_01.png,0.04,YOLOv8,38.373708724975586,0.57142848979593,0.9999997500000625,0.7272721322317101,0.8593212426239437,7.306347311755717
0.04m_sample_01.png,0.04,YOLOv11,44.16465759277344,0.7499998125000469,0.7499998125000469,0.7499993125003803,0.898923749656459,1.7503729431181205
0.04m_sample_01.png,0.04,YOLOv11_Ablation,43.45703125,0.7499998125000469,0.7499998125000469,0.7499993125003803,0.8743230766790075,1.9175083832932787
0.04m_sample_01.png,0.04,Hybrid_v8+SAM,190.1841163635254,0.4285713673469475,0.7499998125000469,0.5454539834714716,0.653845909165289,15.222437810898313
0.04m_sample_01.png,0.04,Hybrid_v11+SAM,204.5302391052246,0.7499998125000469,0.7499998125000469,0.7499993125003803,0.6822344513783714,9.778227438549383
0.04m_sample_01.png,0.04,Mask_RCNN,35.93611717224121,0.6666664444445185,0.49999987500003124,0.5714279183678077,0.8771815068564714,2.410536869662023
0.04m_sample_01.png,0.04,Watershed,55.93991279602051,0.0,0.0,0.0,0.0,0.0
0.04m_sample_07.png,0.04,YOLOv8,40.566205978393555,0.699999930000007,0.8749998906250137,0.777777197531186,0.8621448370123775,3.0707099076830513
0.04m_sample_07.png,0.04,YOLOv11,46.849966049194336,0.8749998906250137,0.8749998906250137,0.8749993906252995,0.8788187250886298,3.3002581647934313
0.04m_sample_07.png,0.04,YOLOv11_Ablation,46.78654670715332,0.8888887901234679,0.9999998750000157,0.9411758615919721,0.8397712538505275,5.171089509958225
0.04m_sample_07.png,0.04,Hybrid_v8+SAM,193.0394172668457,0.699999930000007,0.8749998906250137,0.777777197531186,0.805861266602852,6.148137535407427
0.04m_sample_07.png,0.04,Hybrid_v11+SAM,211.06529235839844,0.8749998906250137,0.8749998906250137,0.8749993906252995,0.7879746060919313,7.490084520598835
0.04m_sample_07.png,0.04,Mask_RCNN,48.900604248046875,0.9999998750000157,0.9999998750000157,0.9999993750002658,0.8445171421190286,6.797712321068025
0.04m_sample_07.png,0.04,Watershed,50.803422927856445,0.0,0.0,0.0,0.0,0.0
0.05m_01_20.png,0.05,YOLOv8,41.49031639099121,0.46666663555555765,0.699999930000007,0.5599994752004118,0.9113483583330945,2.2065707476275747
0.05m_01_20.png,0.05,YOLOv11,48.553466796875,0.4999999583333368,0.599999940000006,0.5454540000004546,0.9234142353030786,2.2289078510188207
0.05m_01_20.png,0.05,YOLOv11_Ablation,48.22850227355957,0.5384614970414233,0.699999930000007,0.6086951077508727,0.901274925099922,2.5325304962202786
0.05m_01_20.png,0.05,Hybrid_v8+SAM,199.3875503540039,0.46666663555555765,0.699999930000007,0.5599994752004118,0.866759193030293,3.8155580241577116
0.05m_01_20.png,0.05,Hybrid_v11+SAM,205.90448379516602,0.4999999583333368,0.599999940000006,0.5454540000004546,0.8619747240040541,3.9018319682340694
0.05m_01_20.png,0.05,Mask_RCNN,57.84010887145996,0.6666666222222252,0.99999990000001,0.79999945600029,0.9040556229623282,2.711261007354327
0.05m_01_20.png,0.05,Watershed,53.73096466064453,0.0,0.0,0.0,0.0,0.0
0.05m_01_27.png,0.05,YOLOv8,41.678428649902344,0.6428570969387788,0.7499999375000053,0.6923071420121949,0.9204346591363739,2.1756952911655634
0.05m_01_27.png,0.05,YOLOv11,47.4545955657959,0.7499999062500118,0.4999999583333368,0.5999994600003861,0.9244063187883963,1.9788054056256623
0.05m_01_27.png,0.05,YOLOv11_Ablation,48.12026023864746,0.7857142295918408,0.9166665902777842,0.8461532840239653,0.8872302350169182,3.434177154322813
0.05m_01_27.png,0.05,Hybrid_v8+SAM,202.82983779907227,0.6428570969387788,0.7499999375000053,0.6923071420121949,0.8413257893018592,3.3885691219812
0.05m_01_27.png,0.05,Hybrid_v11+SAM,199.66959953308105,0.7499999062500118,0.4999999583333368,0.5999994600003861,0.8638831743691983,1.7300361267904203
0.05m_01_27.png,0.05,Mask_RCNN,53.589820861816406,0.8333332638888947,0.8333332638888947,0.8333327638891949,0.8892312216925233,3.735163651033245
0.05m_01_27.png,0.05,Watershed,56.529998779296875,0.0,0.0,0.0,0.0,0.0
0.05m_sample_01.png,0.05,YOLOv8,40.18521308898926,0.0,0.0,0.0,0.0,0.0
0.05m_sample_01.png,0.05,YOLOv11,44.5864200592041,0.0,0.0,0.0,0.0,0.0
0.05m_sample_01.png,0.05,YOLOv11_Ablation,44.698238372802734,0.0,0.0,0.0,0.0,0.0
0.05m_sample_01.png,0.05,Hybrid_v8+SAM,192.32535362243652,0.0,0.0,0.0,0.0,0.0
0.05m_sample_01.png,0.05,Hybrid_v11+SAM,199.9049186706543,0.0,0.0,0.0,0.0,0.0
0.05m_sample_01.png,0.05,Mask_RCNN,40.28916358947754,0.0,0.0,0.0,0.0,0.0
0.05m_sample_01.png,0.05,Watershed,61.121463775634766,0.0,0.0,0.0,0.0,0.0
0.05m_sample_07.png,0.05,YOLOv8,42.90032386779785,0.0,0.0,0.0,0.0,0.0
0.05m_sample_07.png,0.05,YOLOv11,48.13671112060547,0.0,0.0,0.0,0.0,0.0
0.05m_sample_07.png,0.05,YOLOv11_Ablation,47.088623046875,0.0,0.0,0.0,0.0,0.0
0.05m_sample_07.png,0.05,Hybrid_v8+SAM,195.10173797607422,0.0,0.0,0.0,0.0,0.0
0.05m_sample_07.png,0.05,Hybrid_v11+SAM,202.4688720703125,0.0,0.0,0.0,0.0,0.0
0.05m_sample_07.png,0.05,Mask_RCNN,49.6058464050293,0.0,0.0,0.0,0.0,0.0
0.05m_sample_07.png,0.05,Watershed,51.407814025878906,0.0,0.0,0.0,0.0,0.0
0.06m_01_20.png,0.06,YOLOv8,42.24371910095215,0.7058823114186875,0.7999999466666703,0.7499994550784586,0.8913130130153727,2.9832871869801623
0.06m_01_20.png,0.06,YOLOv11,49.91888999938965,0.7222221820987677,0.8666666088888928,0.7878782442611042,0.9115070741985171,2.270780493405466
0.06m_01_20.png,0.06,YOLOv11_Ablation,49.6830940246582,0.8124999492187531,0.8666666088888928,0.8387091238296455,0.8797754546810277,3.6744841371063446
0.06m_01_20.png,0.06,Hybrid_v8+SAM,204.10537719726562,0.7058823114186875,0.7999999466666703,0.7499994550784586,0.8394135542741923,3.9497262639327313
0.06m_01_20.png,0.06,Hybrid_v11+SAM,205.83677291870117,0.7222221820987677,0.8666666088888928,0.7878782442611042,0.8438832501187472,3.5278383636442308
0.06m_01_20.png,0.06,Mask_RCNN,63.46559524536133,0.7368420664819965,0.9333332711111153,0.8235288702425119,0.8859915466240296,2.435172209809518
0.06m_01_20.png,0.06,Watershed,55.339813232421875,0.0,0.0,0.0,0.0,0.0
0.06m_01_27.png,0.06,YOLOv8,40.843963623046875,0.7692307100591762,0.6249999609375024,0.6896546302024977,0.9171379199912376,2.2702574479560678
0.06m_01_27.png,0.06,YOLOv11,48.91633987426758,0.8124999492187531,0.8124999492187531,0.8124994492190609,0.9037300052953287,2.0809648058237125
0.06m_01_27.png,0.06,YOLOv11_Ablation,49.38220977783203,0.8461537810650938,0.6874999570312527,0.7586201426876025,0.8872740892999158,3.257007724332817
0.06m_01_27.png,0.06,Hybrid_v8+SAM,194.54360008239746,0.7692307100591762,0.6249999609375024,0.6896546302024977,0.8327796619687838,2.498819618940109
0.06m_01_27.png,0.06,Hybrid_v11+SAM,208.5249423980713,0.8124999492187531,0.8124999492187531,0.8124994492190609,0.8360584657736934,3.037956201639011
0.06m_01_27.png,0.06,Mask_RCNN,58.214426040649414,0.7333332844444478,0.6874999570312527,0.7096768740898447,0.9115030702669358,3.464734133837952
0.06m_01_27.png,0.06,Watershed,60.96506118774414,0.0,0.0,0.0,0.0,0.0
0.06m_sample_01.png,0.06,YOLOv8,39.385080337524414,0.0,0.0,0.0,0.0,0.0
0.06m_sample_01.png,0.06,YOLOv11,48.177242279052734,0.0,0.0,0.0,0.0,0.0
0.06m_sample_01.png,0.06,YOLOv11_Ablation,44.872283935546875,0.0,0.0,0.0,0.0,0.0
0.06m_sample_01.png,0.06,Hybrid_v8+SAM,193.0551528930664,0.0,0.0,0.0,0.0,0.0
0.06m_sample_01.png,0.06,Hybrid_v11+SAM,201.16496086120605,0.0,0.0,0.0,0.0,0.0
0.06m_sample_01.png,0.06,Mask_RCNN,38.443803787231445,0.0,0.0,0.0,0.0,0.0
0.06m_sample_01.png,0.06,Watershed,55.28831481933594,0.0,0.0,0.0,0.0,0.0
0.06m_sample_07.png,0.06,YOLOv8,40.819644927978516,0.0,0.0,0.0,0.0,0.0
0.06m_sample_07.png,0.06,YOLOv11,46.549320220947266,0.0,0.0,0.0,0.0,0.0
0.06m_sample_07.png,0.06,YOLOv11_Ablation,46.00024223327637,0.0,0.0,0.0,0.0,0.0
0.06m_sample_07.png,0.06,Hybrid_v8+SAM,191.65706634521484,0.0,0.0,0.0,0.0,0.0
0.06m_sample_07.png,0.06,Hybrid_v11+SAM,202.07905769348145,0.0,0.0,0.0,0.0,0.0
0.06m_sample_07.png,0.06,Mask_RCNN,46.43082618713379,0.0,0.0,0.0,0.0,0.0
0.06m_sample_07.png,0.06,Watershed,54.07285690307617,0.0,0.0,0.0,0.0,0.0
0.08m_01_20.png,0.08,YOLOv8,53.56121063232422,0.5499999725000013,0.6470587854671302,0.5945940657418335,0.8807003981203426,3.1606099296295236
0.08m_01_20.png,0.08,YOLOv11,50.86183547973633,0.639999974400001,0.9411764152249167,0.761904243764477,0.8990216682829365,3.2547417716310476
0.08m_01_20.png,0.08,YOLOv11_Ablation,52.30283737182617,0.6956521436672981,0.9411764152249167,0.7999994712502996,0.8843734789621478,3.233114659272077
0.08m_01_20.png,0.08,Hybrid_v8+SAM,199.68461990356445,0.5499999725000013,0.6470587854671302,0.5945940657418335,0.8495242661707657,4.308989605253399
0.08m_01_20.png,0.08,Hybrid_v11+SAM,209.80501174926758,0.639999974400001,0.9411764152249167,0.761904243764477,0.8536394311671186,4.127534857514835
0.08m_01_20.png,0.08,Mask_RCNN,77.13580131530762,0.6153845917159773,0.9411764152249167,0.744185533802362,0.8820942152699714,2.556957692258518
0.08m_01_20.png,0.08,Watershed,68.98021697998047,0.0,0.0,0.0,0.0,0.0
0.08m_01_27.png,0.08,YOLOv8,42.10805892944336,0.4999999750000012,0.588235259515573,0.5405400146096615,0.8877852068904739,3.8206220394066723
0.08m_01_27.png,0.08,YOLOv11,49.3621826171875,0.5999999700000015,0.7058823114186875,0.6486481168740122,0.9029027025491615,3.6950777492947746
0.08m_01_27.png,0.08,YOLOv11_Ablation,49.76177215576172,0.5714285442176883,0.7058823114186875,0.6315784196679782,0.8873197052540833,3.0048056797958393
0.08m_01_27.png,0.08,Hybrid_v8+SAM,222.80025482177734,0.4999999750000012,0.588235259515573,0.5405400146096615,0.8586726698837517,4.687402992702889
0.08m_01_27.png,0.08,Hybrid_v11+SAM,204.15973663330078,0.5999999700000015,0.7058823114186875,0.6486481168740122,0.8590959698736912,4.285187137103819
0.08m_01_27.png,0.08,Mask_RCNN,64.6522045135498,0.7058823114186875,0.7058823114186875,0.7058818114190417,0.8788641937648443,3.5179402458446254
0.08m_01_27.png,0.08,Watershed,66.8020248413086,0.0,0.0,0.0,0.0,0.0
0.08m_sample_01.png,0.08,YOLOv8,41.91184043884277,0.7222221820987677,0.8124999492187531,0.7647053391006732,0.878678965385311,3.97978201181151
0.08m_sample_01.png,0.08,YOLOv11,48.16460609436035,0.6923076390532585,0.5624999648437522,0.6206891177174001,0.9011807403208903,1.5012150101390103
0.08m_sample_01.png,0.08,YOLOv11_Ablation,48.66528511047363,0.7499999531250029,0.7499999531250029,0.7499994531253362,0.8614386908798042,7.603678997257402
0.08m_sample_01.png,0.08,Hybrid_v8+SAM,226.7172336578369,0.7222221820987677,0.8124999492187531,0.7647053391006732,0.8368068744068389,6.1074236915161135
0.08m_sample_01.png,0.08,Hybrid_v11+SAM,201.13706588745117,0.6923076390532585,0.5624999648437522,0.6206891177174001,0.8350953052309277,5.260078890832131
0.08m_sample_01.png,0.08,Mask_RCNN,54.2449951171875,0.9230768520710114,0.7499999531250029,0.8275856551727127,0.8714731450879495,7.131287651843341
0.08m_sample_01.png,0.08,Watershed,79.12158966064453,0.0,0.0,0.0,0.0,0.0
0.08m_sample_07.png,0.08,YOLOv8,45.90106010437012,0.5517241189060649,0.9411764152249167,0.6956516776940723,0.8871706205993356,3.2269822435210265
0.08m_sample_07.png,0.08,YOLOv11,50.765275955200195,0.679999972800001,0.999999941176474,0.8095232891159332,0.8948760269352932,3.6077131488944465
0.08m_sample_07.png,0.08,YOLOv11_Ablation,51.51867866516113,0.5925925706447196,0.9411764152249167,0.7272722200416306,0.8752534922975279,4.289561805126487
0.08m_sample_07.png,0.08,Hybrid_v8+SAM,228.61433029174805,0.5517241189060649,0.9411764152249167,0.6956516776940723,0.8518789359337446,5.88151708320226
0.08m_sample_07.png,0.08,Hybrid_v11+SAM,209.35940742492676,0.679999972800001,0.999999941176474,0.8095232891159332,0.8524821479507879,4.400901452042325
0.08m_sample_07.png,0.08,Mask_RCNN,63.12203407287598,0.684210490304711,0.7647058373702448,0.7222216836423214,0.887215679623374,3.33690500913646
0.08m_sample_07.png,0.08,Watershed,55.533409118652344,0.0,0.0,0.0,0.0,0.0
0.15m_01_20.png,0.15,YOLOv8,51.465511322021484,0.6545454426446283,0.6792452702029195,0.6666661544928305,0.8234538881021365,8.82403925365249
0.15m_01_20.png,0.15,YOLOv11,56.89358711242676,0.7826086786389418,0.6792452702029195,0.7272722150804345,0.8479569090618249,8.417773607076873
0.15m_01_20.png,0.15,YOLOv11_Ablation,65.34194946289062,0.5402298788479324,0.886792436098256,0.6714280913268597,0.7956018437408638,10.568510797587491
0.15m_01_20.png,0.15,Hybrid_v8+SAM,264.9679183959961,0.6545454426446283,0.6792452702029195,0.6666661544928305,0.7799357262127866,16.165921186635174
0.15m_01_20.png,0.15,Hybrid_v11+SAM,253.4964084625244,0.7826086786389418,0.6792452702029195,0.7272722150804345,0.7776326839152197,16.83172283962637
0.15m_01_20.png,0.15,Mask_RCNN,137.80570030212402,0.6486486398831265,0.9056603602705593,0.7559050135783398,0.823786474770488,7.563635426127767
0.15m_01_20.png,0.15,Watershed,71.3202953338623,0.0,0.0,0.0,0.0,0.0
0.15m_01_27.png,0.15,YOLOv8,55.76515197753906,0.7187499887695314,0.6969696864095503,0.7076917969234303,0.8305667364539672,7.7810152531379355
0.15m_01_27.png,0.15,YOLOv11,59.5095157623291,0.9555555343209882,0.65151514164371,0.7747742787114432,0.8394444286657323,7.106652693075692
0.15m_01_27.png,0.15,YOLOv11_Ablation,68.50862503051758,0.6630434710538753,0.9242424102387514,0.7721514024999057,0.7887416069861586,11.136006233657808
0.15m_01_27.png,0.15,Hybrid_v8+SAM,267.6699161529541,0.7187499887695314,0.6969696864095503,0.7076917969234303,0.785128569194041,14.787378215346207
0.15m_01_27.png,0.15,Hybrid_v11+SAM,247.38645553588867,0.9555555343209882,0.65151514164371,0.7747742787114432,0.7859385625191052,14.651696296349616
0.15m_01_27.png,0.15,Mask_RCNN,137.05682754516602,0.7123287573653595,0.7878787759412307,0.7482009293518155,0.8283547819906818,6.16564584629405
0.15m_01_27.png,0.15,Watershed,81.70104026794434,0.0,0.0,0.0,0.0,0.0
0.15m_sample_01.png,0.15,YOLOv8,50.31013488769531,0.6249999869791669,0.5263157802400741,0.5714280642181183,0.8526863412554377,7.524853570003871
0.15m_sample_01.png,0.15,YOLOv11,59.66949462890625,0.8444444256790128,0.6666666549707605,0.7450975315266625,0.864744573426349,5.958124635959841
0.15m_sample_01.png,0.15,YOLOv11_Ablation,63.474416732788086,0.6111111026234569,0.7719298110187752,0.682170038820139,0.7923321594415779,13.011663714284824
0.15m_sample_01.png,0.15,Hybrid_v8+SAM,257.7536106109619,0.6249999869791669,0.5263157802400741,0.5714280642181183,0.8014496229887219,11.415191194193813
0.15m_sample_01.png,0.15,Hybrid_v11+SAM,229.2780876159668,0.8444444256790128,0.6666666549707605,0.7450975315266625,0.7898983025924367,13.010535211138057
0.15m_sample_01.png,0.15,Mask_RCNN,94.81239318847656,0.7499999791666673,0.47368420221606666,0.5806446742979936,0.8411257606964477,7.438882224501205
0.15m_sample_01.png,0.15,Watershed,118.50476264953613,0.0,0.0,0.0,0.0,0.0
0.15m_sample_07.png,0.15,YOLOv8,54.229021072387695,0.4423076838017753,0.560975596073766,0.49462315227243037,0.8214506258203437,6.903981188415855
0.15m_sample_07.png,0.15,YOLOv11,56.87570571899414,0.6666666518518523,0.7317072992266512,0.6976739034616877,0.8537570951098631,5.0919808277329555
0.15m_sample_07.png,0.15,YOLOv11_Ablation,61.357736587524414,0.538461530177515,0.8536585157644265,0.6603768716628534,0.7979959413568339,9.924702379488695
0.15m_sample_07.png,0.15,Hybrid_v8+SAM,251.86419486999512,0.4423076838017753,0.560975596073766,0.49462315227243037,0.8019415858583091,13.042882054308729
0.15m_sample_07.png,0.15,Hybrid_v11+SAM,227.89597511291504,0.6666666518518523,0.7317072992266512,0.6976739034616877,0.8045245815803528,11.113444476173893
0.15m_sample_07.png,0.15,Mask_RCNN,80.73043823242188,0.8571428265306134,0.585365839381321,0.6956516714979184,0.839977936743367,6.195274660981545
0.15m_sample_07.png,0.15,Watershed,59.22079086303711,0.0,0.0,0.0,0.0,0.0
0.1m_01_20.png,0.1,YOLOv8,42.613983154296875,0.5789473379501401,0.5499999725000013,0.5641020355034027,0.881782858504632,2.8678737768597844
0.1m_01_20.png,0.1,YOLOv11,51.06043815612793,0.6818181508264477,0.7499999625000018,0.7142851814062456,0.8993058804093134,2.253151866460257
0.1m_01_20.png,0.1,YOLOv11_Ablation,52.03676223754883,0.5172413614744358,0.7499999625000018,0.6122443898379485,0.8721596409487061,3.3591784709955523
0.1m_01_20.png,0.1,Hybrid_v8+SAM,223.99044036865234,0.5789473379501401,0.5499999725000013,0.5641020355034027,0.8593211897854315,3.8850938914593245
0.1m_01_20.png,0.1,Hybrid_v11+SAM,206.4497470855713,0.6818181508264477,0.7499999625000018,0.7142851814062456,0.8515255520934779,4.299920929505568
0.1m_01_20.png,0.1,Mask_RCNN,77.90207862854004,0.5666666477777784,0.8499999575000021,0.6799994928003383,0.8651675825841193,4.244195343954736
0.1m_01_20.png,0.1,Watershed,86.84062957763672,0.0,0.0,0.0,0.0,0.0
0.1m_01_27.png,0.1,YOLOv8,44.42739486694336,0.7142856887755111,0.7999999680000013,0.7547164542545131,0.8850498891317979,3.6377128803686527
0.1m_01_27.png,0.1,YOLOv11,50.899505615234375,0.8260869206049165,0.7599999696000012,0.7916661345489272,0.9027635087368696,3.6486334860861915
0.1m_01_27.png,0.1,YOLOv11_Ablation,53.93362045288086,0.5945945785244708,0.8799999648000014,0.7096769151928337,0.8565125705658709,5.9387158085351635
0.1m_01_27.png,0.1,Hybrid_v8+SAM,235.48007011413574,0.7142856887755111,0.7999999680000013,0.7547164542545131,0.8581269717455863,4.23367157441387
0.1m_01_27.png,0.1,Hybrid_v11+SAM,207.08823204040527,0.8260869206049165,0.7599999696000012,0.7916661345489272,0.8705930318946489,3.9398169874674203
0.1m_01_27.png,0.1,Mask_RCNN,71.66194915771484,0.7599999696000012,0.7599999696000012,0.7599994696003302,0.8891383621354481,4.646006207939302
0.1m_01_27.png,0.1,Watershed,84.7465991973877,0.0,0.0,0.0,0.0,0.0
0.1m_sample_01.png,0.1,YOLOv8,43.56956481933594,0.6071428354591845,0.7727272376033073,0.6799994800003577,0.8693886497154111,5.051813885072546
0.1m_sample_01.png,0.1,YOLOv11,49.8812198638916,0.7894736426592819,0.6818181508264477,0.7317067840574485,0.8822519356686008,4.094490607307986
0.1m_sample_01.png,0.1,YOLOv11_Ablation,50.36616325378418,0.6666666419753096,0.8181817809917372,0.7346933527700134,0.8239862650207599,6.254004050739547
0.1m_sample_01.png,0.1,Hybrid_v8+SAM,233.94203186035156,0.6071428354591845,0.7727272376033073,0.6799994800003577,0.8350135562777026,5.438674146387908
0.1m_sample_01.png,0.1,Hybrid_v11+SAM,203.07540893554688,0.7894736426592819,0.6818181508264477,0.7317067840574485,0.8430956274687411,4.882166868648935
0.1m_sample_01.png,0.1,Mask_RCNN,52.68526077270508,0.9230768520710114,0.5454545206611581,0.6857137795921531,0.8576569416447613,4.953462593647667
0.1m_sample_01.png,0.1,Watershed,70.09482383728027,0.0,0.0,0.0,0.0,0.0
0.1m_sample_07.png,0.1,YOLOv8,44.88635063171387,0.6296296063100145,0.8095237709750585,0.7083328116322869,0.8713702961823723,4.330953569772991
0.1m_sample_07.png,0.1,YOLOv11,51.42927169799805,0.5769230547337286,0.7142856802721105,0.6382973508378667,0.8888835088243385,3.9891636550368124
0.1m_sample_07.png,0.1,YOLOv11_Ablation,54.943084716796875,0.5666666477777784,0.8095237709750585,0.6666661560941619,0.8755794690363782,3.0507511129132077
0.1m_sample_07.png,0.1,Hybrid_v8+SAM,235.05473136901855,0.6296296063100145,0.8095237709750585,0.7083328116322869,0.8460297584866678,4.894621898513896
0.1m_sample_07.png,0.1,Hybrid_v11+SAM,210.70265769958496,0.5769230547337286,0.7142856802721105,0.6382973508378667,0.8537187605138835,3.6149283072651204
0.1m_sample_07.png,0.1,Mask_RCNN,67.29841232299805,0.6499999675000016,0.6190475895691624,0.6341458108272839,0.8858358869833671,2.943143269990829
0.1m_sample_07.png,0.1,Watershed,47.104597091674805,0.0,0.0,0.0,0.0,0.0
0.2m_01_20.png,0.2,YOLOv8,62.25323677062988,0.47115384162352075,0.7101449172442766,0.5664735023559805,0.7791700339673857,16.098385265711137
0.2m_01_20.png,0.2,YOLOv11,62.0577335357666,0.7076922968047339,0.6666666570048311,0.6865666543777305,0.7860940889266147,16.935078079690616
0.2m_01_20.png,0.2,YOLOv11_Ablation,76.8423080444336,0.4402985041768768,0.8550724513757616,0.5812803337138547,0.7734504916067879,15.873751919442363
0.2m_01_20.png,0.2,Hybrid_v8+SAM,312.82997131347656,0.4519230725776628,0.6811594104179796,0.54335211534006,0.6731019261715326,31.89012412991328
0.2m_01_20.png,0.2,Hybrid_v11+SAM,278.4152030944824,0.6769230665088759,0.6376811501785341,0.6567159085546239,0.6684046240837419,32.755759521314445
0.2m_01_20.png,0.2,Mask_RCNN,171.66662216186523,0.5799999942,0.8405796979626131,0.6863900412453944,0.797209694960682,12.11773735565719
0.2m_01_20.png,0.2,Watershed,97.17559814453125,0.0,0.0,0.0,0.0,0.0
0.2m_01_27.png,0.2,YOLOv8,68.22347640991211,0.7131147482531578,0.7631578880424746,0.7372876299199017,0.7679687877056482,15.990278655928828
0.2m_01_27.png,0.2,YOLOv11,68.36867332458496,0.8249999896875001,0.578947363342567,0.6804118794774415,0.7813005732625329,14.06467399357179
0.2m_01_27.png,0.2,YOLOv11_Ablation,82.05485343933105,0.6687898046573898,0.9210526234995384,0.7749072559472572,0.7476052205514022,17.744969186464413
0.2m_01_27.png,0.2,Hybrid_v8+SAM,327.88872718811035,0.7131147482531578,0.7631578880424746,0.7372876299199017,0.676265839065193,29.33554181863876
0.2m_01_27.png,0.2,Hybrid_v11+SAM,288.97690773010254,0.8124999898437502,0.5701754335949524,0.6701026012332124,0.6799328568275351,28.80154611234506
0.2m_01_27.png,0.2,Mask_RCNN,166.06497764587402,0.8199999918,0.7192982393044014,0.7663546351649667,0.7854124229934644,13.595914737926819
0.2m_01_27.png,0.2,Watershed,96.88758850097656,0.0,0.0,0.0,0.0,0.0
0.2m_sample_01.png,0.2,YOLOv8,61.8438720703125,0.6063829722725216,0.6551724062623862,0.6298337479323881,0.7917357959292937,11.098053567290805
0.2m_sample_01.png,0.2,YOLOv11,63.501596450805664,0.7368420955678672,0.6436781535209408,0.6871160582637503,0.8031150559801882,11.35030773654555
0.2m_sample_01.png,0.2,YOLOv11_Ablation,70.65677642822266,0.6442307630362427,0.7701149336768399,0.7015701772432992,0.7728679985430169,15.445893237700687
0.2m_sample_01.png,0.2,Hybrid_v8+SAM,295.2451705932617,0.6063829722725216,0.6551724062623862,0.6298337479323881,0.7112344682501381,26.147348193341898
0.2m_sample_01.png,0.2,Hybrid_v11+SAM,290.0962829589844,0.7368420955678672,0.6436781535209408,0.6871160582637503,0.7183420671282238,25.384116518574594
0.2m_sample_01.png,0.2,Mask_RCNN,149.4925022125244,0.7466666567111113,0.6436781535209408,0.6913575188999158,0.7996426656797391,12.10070245894841
0.2m_sample_01.png,0.2,Watershed,47.48249053955078,0.0,0.0,0.0,0.0,0.0
0.2m_sample_07.png,0.2,YOLOv8,58.951616287231445,0.6395348762844782,0.679012337296144,0.6586821272907085,0.7827599601192644,14.943333448245562
0.2m_sample_07.png,0.2,YOLOv11,59.179067611694336,0.8363636211570251,0.567901227556775,0.6764700965617614,0.7972996028682272,15.43183158562057
0.2m_sample_07.png,0.2,YOLOv11_Ablation,66.33138656616211,0.648351641226905,0.7283950527358636,0.6860460053410868,0.7704654922143953,14.711404085589235
0.2m_sample_07.png,0.2,Hybrid_v8+SAM,296.886682510376,0.6279069694429422,0.6666666584362141,0.6467060795299495,0.688861169337708,27.083748851513374
0.2m_sample_07.png,0.2,Hybrid_v11+SAM,255.448579788208,0.8181818033057854,0.5555555486968451,0.6617642144250908,0.6871776121530355,27.80053140978904
0.2m_sample_07.png,0.2,Mask_RCNN,122.31159210205078,0.7592592451989029,0.5061728332571255,0.607406918409158,0.7895455895586225,10.21792972205613
0.2m_sample_07.png,0.2,Watershed,63.265085220336914,0.0,0.0,0.0,0.0,0.0
